exogenous_var,effect_type,mediator(s),median,ci_025,ci_975,sig
aet,Indirect (single pathway),aig,-0.23407675361686808,-0.5217406070662045,-0.05465837373612456,*
aet,Total,aig,0.18837872295707078,-0.15415807657649058,0.48394027980233684,
cwd,Indirect (single pathway),aig,-0.12136834701614987,-0.35549421109217644,8.405400753636644e-4,
cwd,Total,aig,0.28141332814677644,0.012677495562521134,0.5018343995015696,*
p2,Indirect (single pathway),aig,-0.3812280224913386,-0.7791710588101424,-0.10274049120033027,*
p2,Total,aig,0.6173581972534016,0.24015774939956552,0.8609615053387857,*
shr,Indirect (single pathway),aig,0.3804996071709239,0.09926098155363447,0.8390572173167102,*
tmn,Indirect (single pathway),aig,0.1459476285056263,0.024037399369358795,0.3755134549951569,*
tmn,Total,aig,-0.15570719271857197,-0.37171560102267676,0.11548516162759058,
